City_ID,City,Lat,Lng,Max Temp,Humidity,Cloudiness,Wind Speed,Country,Date
0,waitangi,-43.9535,-176.5597,288.05,88,100,2.24,NZ,1704219640
1,lebork,54.5392,17.7501,276.19,96,100,4.66,PL,1704219640
2,kodinsk,58.6881,99.1844,262.28,96,100,1.95,RU,1704219640
3,ushuaia,-54.8,-68.3,287.96,38,40,7.72,AR,1704219424
4,port-aux-francais,-49.35,70.2167,278.22,85,94,17.8,TF,1704219641
5,tailai,46.3833,123.4,258.66,90,23,1.83,CN,1704219641
6,thompson,55.7435,-97.8558,261.24,79,100,5.66,CA,1704219641
7,afaahiti,-17.75,-149.2833,298.08,79,100,4.0,PF,1704219641
8,higuera de zaragoza,25.95,-109.2833,295.11,60,60,4.82,MX,1704219641
9,whitehorse,60.7161,-135.0538,258.58,85,100,1.03,CA,1704219642
10,puerto ayora,-0.7393,-90.3518,299.01,91,29,3.58,EC,1704219642
11,viedma,-40.8135,-62.9967,304.89,31,30,2.37,AR,1704219642
12,kuta,-8.7233,115.1723,301.12,94,100,1.03,ID,1704219642
13,macapa,0.0389,-51.0664,304.14,79,40,3.09,BR,1704219643
14,grytviken,-54.2811,-36.5092,275.29,61,89,2.24,GS,1704219643
15,vernon,50.2581,-119.2691,276.65,89,88,2.06,CA,1704219643
16,papatowai,-46.5619,169.4708,284.8,82,95,1.73,NZ,1704219648
17,remire-montjoly,4.9167,-52.2667,304.17,62,40,6.17,GF,1704219649
18,puerto natales,-51.7236,-72.4875,290.4,36,40,14.4,CL,1704219649
19,novodvinsk,64.4165,40.8122,242.47,100,12,0.68,RU,1704219650
20,adamstown,-25.066,-130.1015,297.08,81,100,2.49,PN,1704219650
21,fort st. john,56.2499,-120.8529,262.09,92,100,2.57,CA,1704219650
22,edinburgh of the seven seas,-37.0676,-12.3116,290.56,74,100,2.81,SH,1704219651
23,qaqortoq,60.7167,-46.0333,267.51,79,100,2.42,GL,1704219651
24,praia da vitoria,38.7333,-27.0667,290.79,67,20,3.89,PT,1704219651
25,udachny,66.4167,112.4,232.84,80,99,1.34,RU,1704219652
26,blackmans bay,-43.0167,147.3167,289.0,90,100,0.9,AU,1704219652
27,ust-nera,64.5667,143.2,233.14,98,94,2.11,RU,1704219652
28,bilibino,68.0546,166.4372,245.55,99,99,0.19,RU,1704219652
29,savanna-la-mar,18.219,-78.1332,299.78,72,53,5.07,JM,1704219652
30,vila franca do campo,37.7167,-25.4333,291.42,99,100,2.83,PT,1704219653
31,coahuayana de hidalgo,18.7,-103.6583,302.09,44,100,1.37,MX,1704219654
32,hithadhoo,-0.6,73.0833,301.15,74,55,1.69,MV,1704219654
33,isangel,-19.55,169.2667,299.03,83,69,5.71,VU,1704219654
34,albany,42.6001,-73.9662,276.45,64,37,0.89,US,1704219411
35,laguna,38.421,-121.4238,284.91,93,100,4.12,US,1704219654
36,farap,39.1704,63.6116,274.15,93,69,2.06,TM,1704219655
37,montepuez,-13.1256,38.9997,295.13,94,100,1.23,MZ,1704219655
38,bethel,41.3712,-73.414,278.47,59,0,4.12,US,1704219656
39,lae,-6.7221,146.9847,297.72,91,100,2.98,PG,1704219656
40,greenville,35.6127,-77.3663,282.24,53,0,5.66,US,1704219538
41,margaret river,-33.95,115.0667,287.99,89,52,5.49,AU,1704219476
42,babor - ville,36.4899,5.5393,282.71,68,57,1.61,DZ,1704219656
43,cockburn town,21.4612,-71.1419,299.03,71,5,2.88,TC,1704219656
44,anadyr,64.75,177.4833,261.43,84,20,4.0,RU,1704219657
45,port elizabeth,-33.918,25.5701,294.87,89,20,6.69,ZA,1704219657
46,takaungu,-3.6837,39.8566,301.42,84,3,3.7,KE,1704219657
47,guarapari,-20.6667,-40.4975,299.2,93,100,0.75,BR,1704219657
48,engen,47.85,8.7667,282.1,84,100,7.79,DE,1704219657
49,inarajan village,13.2736,144.7484,301.23,91,95,5.95,GU,1704219657
50,chonchi,-42.6128,-73.8092,296.55,48,24,0.76,CL,1704219657
51,cabo san lucas,22.8909,-109.9124,297.93,56,40,4.12,MX,1704219479
52,port saint john's,-31.6229,29.5448,294.72,83,69,5.96,ZA,1704219658
53,tiksi,71.6872,128.8694,241.25,97,100,0.56,RU,1704219658
54,yellowknife,62.456,-114.3525,251.16,87,75,1.54,CA,1704219658
55,dhemaji,27.4833,94.5833,287.23,60,0,2.08,IN,1704219658
56,luganville,-15.5333,167.1667,299.91,88,71,3.03,VU,1704219658
57,tambo,-14.8,-73.9167,282.6,65,44,4.29,PE,1704219659
58,avarua,-21.2078,-159.775,299.18,78,40,5.14,CK,1704219659
59,novyy turtkul',41.55,61.0167,272.1,71,48,4.14,UZ,1704219659
60,murghob,38.1702,73.9667,261.58,34,95,1.45,TJ,1704219659
61,vilyuchinsk,52.9306,158.4028,258.11,79,71,4.39,RU,1704219659
62,sao francisco,-15.9486,-44.8644,298.72,88,98,2.56,BR,1704219659
63,santyoku,37.4406,129.1708,276.76,74,100,2.27,KR,1704219659
64,st. john's,47.5649,-52.7093,269.64,80,75,5.66,CA,1704219418
65,georgetown,5.4112,100.3354,301.11,89,40,1.03,MY,1704218886
66,malango,-2.9627,119.9001,293.42,95,96,1.17,ID,1704219660
67,ciudad lazaro cardenas,17.9583,-102.2,301.45,41,92,1.74,MX,1704219660
68,baoding,38.8511,115.4903,271.04,63,3,4.07,CN,1704219660
69,san antonio de pale,-1.4014,5.6325,300.57,83,97,6.81,GQ,1704219660
70,launceston,-41.45,147.1667,290.26,94,98,4.63,AU,1704219660
71,buala,-8.145,159.5921,300.25,84,72,0.91,SB,1704219660
72,kyren,51.6828,102.1408,262.01,81,100,1.34,RU,1704219660
73,san carlos,9.6612,-68.5827,308.29,35,90,1.79,VE,1704219524
74,motueka,-41.1333,173.0167,287.09,77,82,1.82,NZ,1704219661
75,kaiama,9.6225,3.9481,304.05,15,62,2.12,NG,1704219661
76,kaseda-shirakame,31.4167,130.3167,285.19,75,47,2.27,JP,1704219661
77,chernyshevskiy,63.0128,112.4714,235.77,100,100,0.85,RU,1704219661
78,west island,-12.1568,96.8225,300.14,89,100,5.14,CC,1704219661
79,salinopolis,-0.6136,-47.3561,300.08,84,96,3.95,BR,1704219661
80,port macquarie,-31.4333,152.9167,291.42,87,23,1.53,AU,1704219662
81,kilinochchi,9.3961,80.3982,297.99,84,100,3.75,LK,1704219545
82,gaspe,48.8334,-64.4819,270.1,60,89,1.79,CA,1704219364
83,alaghsas,17.0187,8.0168,298.09,10,0,3.09,NE,1704219662
84,invercargill,-46.4,168.35,284.83,91,98,1.79,NZ,1704219662
85,constantia,44.1833,28.65,275.76,82,46,3.23,RO,1704219554
86,enewetak,11.3474,162.3373,300.26,80,93,9.86,MH,1704219662
87,pizarro,4.9533,-77.366,301.96,74,85,2.45,CO,1704219663
88,katsuura,35.1333,140.3,281.34,78,22,2.96,JP,1704219667
89,quellon,-43.1167,-73.6167,290.98,71,51,4.2,CL,1704219667
90,isafjordur,66.0755,-23.124,273.83,96,89,1.32,IS,1704219667
91,opuwo,-18.0607,13.84,299.87,22,31,8.23,NA,1704219667
92,mejit,10.2753,170.8646,300.37,76,71,8.66,MH,1704219668
93,mossendjo,-2.9506,12.7261,295.36,97,98,0.85,CG,1704219668
94,xilin hot,43.9667,116.0333,254.54,94,8,3.13,CN,1704219668
95,lihue,21.9789,-159.3672,296.92,78,40,6.17,US,1704219668
96,gaya,24.7833,85.0,285.1,87,0,1.54,IN,1704219668
97,sai buri,6.7013,101.6168,297.99,87,18,3.02,TH,1704219668
98,dunedin,-45.8742,170.5036,285.82,91,93,1.79,NZ,1704219669
99,middelburg,-25.7751,29.4648,293.56,60,84,2.72,ZA,1704219669
100,gannan,47.9147,123.5031,252.94,98,66,1.84,CN,1704219669
101,ilulissat,69.2167,-51.1,265.16,38,75,2.06,GL,1704219669
102,port douglas,-16.4833,145.4667,299.99,83,20,1.24,AU,1704219669
103,chak five hundred seventy-five,31.55,73.8333,284.57,40,64,1.19,PK,1704219670
104,natal,-5.795,-35.2094,302.51,70,75,4.12,BR,1704219670
105,namtsy,62.7161,129.6658,233.87,100,100,0.56,RU,1704219670
106,ghat,24.9647,10.1728,291.71,17,2,4.94,LY,1704219670
107,saacow,1.6279,42.4407,302.77,37,82,5.12,SO,1704219671
108,nemuro,43.3236,145.575,274.63,82,96,8.56,JP,1704219671
109,n'dalatando,-9.2978,14.9116,294.02,95,100,0.76,AO,1704219671
110,olonkinbyen,70.9221,-8.7187,272.81,98,99,3.84,SJ,1704219671
111,utete,-7.986,38.758,299.13,84,100,0.6,TZ,1704219671
112,hasaki,35.7333,140.8333,274.37,74,12,2.14,JP,1704219671
113,bredasdorp,-34.5322,20.0403,293.13,84,100,5.78,ZA,1704219672
114,myskhako,44.6714,37.7433,284.03,96,100,9.03,RU,1704219672
115,stanley,54.868,-1.6985,279.7,94,100,1.89,GB,1704219672
116,businga,3.3333,20.8833,299.63,42,63,1.2,CD,1704219672
117,alofi,-19.0595,-169.9187,299.09,83,20,4.63,NU,1704219672
118,harar,9.3094,42.1258,288.71,50,41,4.14,ET,1704219672
119,petropavlovsk-kamchatsky,53.0452,158.6483,257.29,77,0,7.6,RU,1704219673
120,kourou,5.1552,-52.6478,304.18,64,55,4.43,GF,1704219673
121,hawaiian paradise park,19.5933,-154.9731,295.39,97,100,5.66,US,1704219673
122,iqaluit,63.7506,-68.5145,257.0,72,100,6.69,CA,1704219673
123,la'ie,21.6477,-157.9253,297.1,74,5,6.71,US,1704219673
124,santa vitoria do palmar,-33.5189,-53.3681,294.7,82,98,5.49,BR,1704219673
125,monaghan,54.25,-6.9667,281.14,90,100,5.07,IE,1704219674
126,nova vicosa,-17.8919,-39.3719,301.05,71,83,4.75,BR,1704219579
127,aliveri,38.4167,24.0333,288.84,68,58,1.57,GR,1704219674
128,siwa oasis,29.2041,25.5195,288.74,47,23,1.03,EG,1704219674
129,susangerd,31.5608,48.1831,289.99,31,98,3.46,IR,1704219674
130,port mathurin,-19.6833,63.4167,300.8,80,88,2.82,MU,1704219603
131,ugoofaaru,5.6667,73.0,301.06,82,60,5.22,MV,1704219675
132,villamontes,-21.25,-63.5,297.84,94,100,0.0,BO,1704219675
133,homer,59.6425,-151.5483,278.09,67,100,7.2,US,1704219675
134,kegeyli shahar,42.7767,59.6078,272.2,69,8,4.25,UZ,1704219675
135,guadalajara,20.6667,-103.3333,292.02,45,100,0.0,MX,1704219507
136,cotacachi,0.3,-78.2667,290.9,68,100,2.19,EC,1704219675
137,lasem,-6.6922,111.4527,300.06,85,100,0.88,ID,1704219676
138,howard springs,-12.497,131.047,299.1,97,100,1.45,AU,1704219676
139,arraial do cabo,-22.9661,-42.0278,301.13,78,75,6.69,BR,1704219676
140,dhidhdhoo,6.8833,73.1,301.15,79,86,5.8,MV,1704219676
141,ballarat east,-37.5592,143.8744,288.48,92,58,0.45,AU,1704219676
142,togur,58.3631,82.8265,260.02,95,99,3.69,RU,1704219676
143,tangalle,6.024,80.7911,297.38,90,100,3.59,LK,1704219676
144,harstad,68.799,16.5293,257.81,76,66,2.54,NO,1704219677
145,bandarbeyla,9.4942,50.8122,297.88,74,22,9.35,SO,1704219677
146,luderitz,-26.6481,15.1594,292.68,85,2,3.27,NA,1704219677
147,uturoa,-16.7333,-151.4333,299.82,80,100,3.62,PF,1704219677
148,middle island,40.8843,-72.9373,279.09,60,0,5.66,US,1704219510
149,tukrah,32.5341,20.5791,290.0,68,100,2.96,LY,1704219678
150,paredon,16.0333,-93.8667,304.95,45,3,2.74,MX,1704219678
151,lewiston orchards,46.3804,-116.9754,278.3,80,0,6.17,US,1704219678
152,ola,59.5833,151.2833,247.57,89,100,2.6,RU,1704219678
153,klyuchi,52.2667,79.1667,270.64,85,100,11.11,RU,1704219678
154,muritiba,-12.9167,-39.25,307.87,32,79,5.32,BR,1704219679
155,idri,27.5,13.2667,290.17,30,53,3.85,LY,1704219679
156,monchegorsk,67.9397,32.8739,253.3,81,100,2.44,RU,1704219679
157,belmonte,-15.8631,-38.8828,302.31,62,81,4.64,BR,1704219679
158,egilsstadir,65.2653,-14.3948,276.1,87,100,2.06,IS,1704219679
159,de forest,43.2478,-89.3437,271.35,88,63,4.92,US,1704219680
160,aykhal,66.0,111.5,235.86,100,100,0.92,RU,1704219680
161,wuwei,37.9281,102.6414,270.8,35,0,1.69,CN,1704219680
162,coquimbo,-29.9533,-71.3436,293.0,68,75,5.66,CL,1704219632
163,huangmei,30.1924,116.025,279.65,89,100,1.39,CN,1704219681
164,saipan,15.1355,145.701,299.54,89,40,4.63,MP,1704219531
165,ribeira grande,38.5167,-28.7,290.37,67,40,6.17,PT,1704219682
166,la sarre,48.8002,-79.1996,270.27,91,100,4.81,CA,1704219682
167,lompoc,34.6391,-120.4579,287.55,60,0,2.06,US,1704219682
168,tura,25.5198,90.2201,286.79,76,0,1.68,IN,1704219683
169,lebu,-37.6167,-73.65,290.63,74,29,8.08,CL,1704219683
170,kailua-kona,19.6406,-155.9956,296.21,87,75,1.54,US,1704219683
171,imbituba,-28.24,-48.6703,300.29,69,91,8.69,BR,1704219683
172,broome,42.2506,-75.833,275.76,76,20,3.09,US,1704219478
173,hamilton,39.1834,-84.5333,275.92,75,100,5.66,US,1704219248
174,keetmanshoop,-26.5833,18.1333,306.66,19,84,7.2,NA,1704219684
175,adre,13.4667,22.2,296.25,12,44,3.63,TD,1704219684
176,port lincoln,-34.7333,135.8667,289.87,90,84,5.14,AU,1704219684
177,gadzhiyevo,69.2551,33.3362,256.82,74,100,11.01,RU,1704219684
178,port alfred,-33.5906,26.891,294.31,87,44,8.58,ZA,1704219685
179,longyearbyen,78.2186,15.6401,264.06,62,75,5.66,SJ,1704219664
180,plettenberg bay,-34.0527,23.3716,292.83,91,18,4.02,ZA,1704219685
181,hovd,48.0056,91.6419,263.64,54,48,4.04,MN,1704219686
182,mount pearl,47.5166,-52.7813,269.18,80,75,5.66,CA,1704219686
183,talnakh,69.4865,88.3972,239.58,89,14,1.07,RU,1704219686
184,east london,-33.0153,27.9116,294.78,81,61,7.77,ZA,1704219687
185,carnarvon,-24.8667,113.6333,296.35,79,0,9.87,AU,1704219687
186,holualoa,19.6228,-155.9522,294.14,88,75,1.54,US,1704219687
187,al kharijah,25.4514,30.5464,288.69,47,0,3.74,EG,1704219687
188,tsiombe,-25.3,45.4833,296.47,90,94,7.17,MG,1704219687
189,cooma,-36.2333,149.1333,290.84,98,100,2.44,AU,1704219688
190,queenstown,-31.8976,26.8753,293.22,82,40,3.59,ZA,1704219688
191,kavieng,-2.5744,150.7967,300.73,77,96,1.22,PG,1704219688
192,west bay,19.3667,-81.4167,298.19,75,75,5.66,KY,1704219688
193,plast,54.3691,60.8136,252.28,96,54,2.37,RU,1704219689
194,okhotsk,59.3833,143.3,242.65,81,53,3.83,RU,1704219689
195,keflavik,64.0049,-22.5624,275.39,87,75,5.14,IS,1704219689
196,kermanshah,34.3142,47.065,277.65,93,40,2.06,IR,1704219690
197,an nusayrat,31.4486,34.3925,290.76,71,12,2.59,PS,1704219690
198,whakatane,-37.9585,176.9854,288.02,87,79,2.14,NZ,1704219690
199,severo-yeniseyskiy,60.3725,93.0408,257.91,97,100,0.89,RU,1704219691
200,bogotol,56.2078,89.5342,270.61,96,100,5.0,RU,1704219691
201,rutland,43.6167,-73.0162,275.62,71,0,4.12,US,1704219691
202,sarangani,5.4033,125.4636,301.19,79,85,7.57,PH,1704219692
203,tobol,52.6844,62.5794,250.07,96,48,2.07,KZ,1704219692
204,santana,-0.0583,-51.1817,304.25,79,40,3.09,BR,1704219692
205,pathein,16.7833,94.7333,292.28,87,4,1.65,MM,1704219693
206,gebeit,21.0667,36.3167,292.02,75,0,4.6,SD,1704219693
207,ariquemes,-9.9133,-63.0408,307.28,46,96,1.6,BR,1704219694
208,margate,51.3813,1.3862,285.32,71,92,8.94,GB,1704219518
209,tolanaro,-25.0319,46.9987,298.19,88,75,7.2,MG,1704219694
210,namibe,-15.1961,12.1522,297.02,63,11,7.99,AO,1704219694
211,madingou,-4.1536,13.55,297.14,92,100,0.97,CG,1704219695
212,carloforte,39.145,8.3058,287.76,73,90,5.96,IT,1704219695
213,weno,7.4515,151.8468,300.12,94,100,1.54,FM,1704219695
214,college,64.8569,-147.8028,249.87,76,20,0.0,US,1704219696
215,argo,37.6333,22.7333,287.47,74,77,2.19,GR,1704219696
216,greater sudbury,46.49,-80.99,272.69,87,63,5.81,CA,1704219452
217,susuman,62.7833,148.1667,242.03,98,100,0.45,RU,1704219697
218,dejen,10.1667,38.1333,290.49,42,73,3.13,ET,1704219697
219,minas de marcona,-15.2119,-75.1103,295.42,59,86,6.16,PE,1704219697
220,kirakira,-10.4544,161.9205,300.07,85,70,1.26,SB,1704219697
221,flying fish cove,-10.4217,105.6791,299.97,89,75,3.09,CX,1704219698
222,nova sintra,14.8667,-24.7167,295.47,64,100,7.28,CV,1704219698
223,puerto santa,-8.9906,-78.6456,297.24,76,93,4.9,PE,1704219698
224,hammerfest,70.6634,23.6821,265.4,79,0,2.57,NO,1704219698
225,san patricio,28.017,-97.5169,292.12,83,100,7.15,US,1704219699
226,haiku-pauwela,20.9219,-156.3051,297.06,65,20,5.14,US,1704219699
227,atafu village,-8.5421,-172.5159,301.83,76,78,3.53,TK,1704219699
228,roma,43.2128,-75.4557,274.64,74,100,3.6,US,1704219665
229,vanino,49.0869,140.2543,255.33,88,13,2.21,RU,1704219699
230,acapulco de juarez,16.8634,-99.8901,303.05,48,0,3.09,MX,1704219700
231,praya,14.9215,-23.5087,298.45,61,75,7.72,CV,1704219700
232,laihia,62.9761,22.0114,247.53,76,0,0.51,FI,1704219700
233,ephrata,40.1798,-76.1788,278.7,65,0,5.66,US,1704219443
234,tommot,58.9564,126.2925,251.49,99,100,0.86,RU,1704219700
235,miri,4.4148,114.0089,298.23,94,20,1.03,MY,1704219701
236,andergrove,-21.0833,149.1833,297.95,85,2,0.97,AU,1704219701
237,muli,2.9167,73.5667,300.91,77,100,3.07,MV,1704219701
238,al fqih ben calah,32.5009,-6.6906,292.55,34,75,2.02,MA,1704219701
239,teknaf,20.8624,92.3058,291.19,86,2,3.45,BD,1704219701
240,dudinka,69.4058,86.1778,236.86,98,42,2.24,RU,1704219702
241,bel ombre,-4.6167,55.4167,302.06,74,20,1.54,SC,1704219702
242,porto novo,6.4965,2.6036,303.05,75,28,3.57,BJ,1704219702
243,rio grande,-32.035,-52.0986,301.21,84,86,9.37,BR,1704219479
244,mount gambier,-37.8333,140.7667,289.13,99,96,2.37,AU,1704219702
245,tanjay,9.5153,123.1583,300.16,85,49,2.19,PH,1704219702
246,bom jesus do galho,-19.8289,-42.3161,300.48,94,100,0.18,BR,1704219703
247,tubarjal,30.4999,38.216,287.51,53,0,3.28,SA,1704219703
248,kodiak,57.79,-152.4072,276.88,93,100,6.69,US,1704219703
249,leh,34.1667,77.5833,266.07,36,6,0.72,IN,1704219703
250,sol'-iletsk,51.1631,54.9918,268.6,76,98,5.29,RU,1704219703
251,wailua homesteads,22.0669,-159.378,296.59,84,40,6.17,US,1704219704
252,cuenca,-2.8833,-78.9833,297.22,46,75,2.06,EC,1704219704
253,kollam,8.8833,76.6,299.68,76,71,2.23,IN,1704219704
254,al balyana,26.2357,32.0035,289.98,50,0,4.59,EG,1704219704
255,panaba,21.2833,-88.2667,300.55,43,34,3.87,MX,1704219704
256,utrik,11.2278,169.8474,300.04,76,82,9.8,MH,1704219704
257,castillos,-34.1667,-53.8333,296.51,66,75,5.88,UY,1704219705
258,mazamari,-11.3258,-74.5308,304.67,54,98,0.73,PE,1704219705
259,trujillo,-8.116,-79.03,296.13,83,40,4.63,PE,1704219486
260,prabumulih,-3.45,104.25,296.64,99,98,1.21,ID,1704219705
261,uliastay,47.7417,96.8444,257.49,62,49,3.45,MN,1704219705
262,jamestown,42.097,-79.2353,273.16,83,100,5.14,US,1704219413
263,kish,26.5578,54.0194,294.3,68,0,3.09,IR,1704219705
264,bandon,51.7469,-8.7425,280.92,91,76,6.55,IE,1704219706
265,garoowe,8.4054,48.4845,296.24,48,49,8.2,SO,1704219706
266,tazovsky,67.4667,78.7,238.03,97,10,2.66,RU,1704219706
267,bochum,51.4833,7.2167,284.47,97,100,3.58,DE,1704219706
268,burang,30.25,81.1667,264.43,48,0,1.32,CN,1704219706
269,alice springs,-23.7,133.8833,299.9,19,8,2.06,AU,1704219583
270,camenca,48.0319,28.6978,277.51,73,88,2.54,MD,1704219706
271,sosnovo-ozerskoye,52.5249,111.5418,253.73,98,90,1.56,RU,1704219707
272,conduaga,8.862,117.4893,299.66,82,8,0.51,PH,1704219707
273,kavaratti,10.5669,72.642,300.59,75,70,1.66,IN,1704219707
274,ciudad fernandez,21.95,-100.0,292.26,57,100,1.09,MX,1704219707
275,saint-philippe,-21.3585,55.7679,298.92,82,100,6.16,RE,1704219707
276,mirnyy,62.5353,113.9611,238.28,66,99,0.89,RU,1704219707
277,moussoro,13.6408,16.4901,299.73,11,50,4.83,TD,1704219707
278,dighwara,25.7333,85.0,288.19,94,100,0.0,IN,1704219708
279,necochea,-38.5473,-58.7368,298.41,46,75,7.4,AR,1704219708
280,tofol,5.3248,163.0078,301.49,77,66,8.58,FM,1704219708
281,inverurie,57.2845,-2.3774,280.1,94,100,3.09,GB,1704219708
282,kupang,-10.1667,123.5833,300.47,94,75,1.03,ID,1704219708
283,amahai,-3.3333,128.9167,299.65,85,99,2.39,ID,1704219708
284,ilhabela,-23.7781,-45.3581,299.16,77,97,3.94,BR,1704219709
285,selkirk,50.1436,-96.8845,272.19,86,76,3.76,CA,1704219709
286,zag,46.9441,99.165,249.68,87,66,1.38,MN,1704219709
287,balangir,20.7167,83.4833,290.28,62,0,0.79,IN,1704219709
288,bedele,8.456,36.353,289.4,57,52,1.59,ET,1704219709
289,xuanzhou,30.9525,118.7553,277.24,94,100,3.73,CN,1704219709
290,rio pardo,-29.9897,-52.3781,305.71,46,37,1.05,BR,1704219709
291,sarmanovo,55.2553,52.5891,248.53,98,100,3.81,RU,1704219710
292,muisne,0.6,-80.0333,298.91,87,100,4.79,EC,1704219710
293,regina,50.4501,-104.6178,267.21,90,100,4.12,CA,1704219443
294,lamar,33.6668,-95.5836,279.81,72,0,2.57,US,1704219710
295,howrah,22.5892,88.3103,287.15,82,0,2.06,IN,1704219710
296,yavatmal,20.4,78.1333,293.24,46,0,2.48,IN,1704219710
297,guerrero negro,27.9769,-114.0611,290.69,55,1,1.51,MX,1704219710
298,playa del ingles,27.7567,-15.5787,294.01,72,0,2.04,ES,1704219710
299,masterton,-40.9597,175.6575,287.53,85,100,0.45,NZ,1704219711
300,newman,37.3138,-121.0208,282.34,82,100,3.65,US,1704219711
301,cedeira,43.6797,-8.0209,287.25,53,100,11.1,ES,1704219711
302,puerto baquerizo moreno,-0.9,-89.6,302.7,74,20,6.17,EC,1704219711
303,hilo,19.7297,-155.09,292.64,99,100,5.66,US,1704219441
304,xuchang,34.0167,113.8167,277.98,47,0,3.49,CN,1704219711
305,vangaindrano,-23.35,47.6,297.34,92,100,6.32,MG,1704219711
306,tarfaya,27.9358,-12.9218,292.46,69,0,4.72,MA,1704219712
307,fougamou,-1.2154,10.5838,298.09,91,100,1.11,GA,1704219712
308,punta arenas,-53.15,-70.9167,290.16,31,40,11.32,CL,1704219712
309,mili,6.0815,171.735,300.97,79,16,9.42,MH,1704219712
310,skovorodino,53.9833,123.9167,254.43,99,100,1.39,RU,1704219712
311,artsyz,45.9919,29.4182,278.07,91,46,4.99,UA,1704219712
312,enshi,30.3,109.4833,280.64,93,50,0.41,CN,1704219712
313,montevallo,33.1007,-86.8642,284.09,52,0,1.54,US,1704219713
314,al jawf,29.5,38.75,286.32,62,0,2.78,SA,1704219713
315,ballina,-28.8667,153.5667,292.47,85,94,4.37,AU,1704219713
316,ngara,-2.5122,30.6558,288.22,95,99,1.63,TZ,1704219713
317,machico,32.7,-16.7667,294.82,88,40,6.69,PT,1704219713
318,faya-largeau,17.9257,19.1043,295.9,15,40,5.32,TD,1704219713
319,khandyga,62.6667,135.6,241.63,96,100,0.98,RU,1704219713
320,nar'yan-mar,67.6713,53.087,258.42,94,100,7.33,RU,1704219714
321,martinsville,36.6915,-79.8725,282.25,40,0,3.6,US,1704219507
322,turkmenbasy,40.0222,52.9552,280.58,70,0,2.06,TM,1704219714
323,raja,8.4596,25.678,299.18,24,56,1.91,SS,1704219714
324,nyandoma,61.669,40.1991,240.37,100,36,1.27,RU,1704219714
325,verkhnyaya sinyachikha,57.976,61.6673,246.0,98,89,1.72,RU,1704219715
326,posto fiscal rolim de moura,-13.0833,-62.2667,306.98,45,96,1.26,BR,1704219715
327,hermanus,-34.4187,19.2345,294.15,71,100,5.51,ZA,1704219715
328,santa fe de antioquia,6.5569,-75.8281,305.83,48,78,0.55,CO,1704219715
329,tromso,69.6496,18.957,264.16,67,0,6.69,NO,1704219715
330,muynoq,43.7683,59.0214,274.37,73,78,4.29,UZ,1704219715
331,tual,-5.6667,132.75,301.84,75,68,1.92,ID,1704219716
332,tumayr,25.7039,45.868,292.33,56,42,3.75,SA,1704219716
333,pacific grove,36.6177,-121.9166,287.27,84,0,2.24,US,1704219716
334,floro,61.5996,5.0328,275.13,48,0,12.35,NO,1704219716
335,yamba,-5.9,22.3,295.18,97,97,1.52,CD,1704219716
336,san jose,37.3394,-121.895,288.02,78,100,6.17,US,1704219048
337,zouerate,22.7187,-12.4521,296.97,12,70,4.02,MR,1704219716
338,mitchell,43.7094,-98.0298,274.14,75,0,4.12,US,1704219464
339,bouafle,6.9904,-5.7442,304.16,33,39,1.66,CI,1704219717
340,harper,4.375,-7.7169,301.01,74,45,3.8,LR,1704219717
341,ponta delgada,37.7333,-25.6667,291.59,77,20,2.57,PT,1704219717
342,riviere-du-loup,47.8304,-69.5342,270.64,80,77,5.14,CA,1704219571
343,xinghua,32.9392,119.8342,276.77,82,100,3.81,CN,1704219717
344,verdal,63.7933,11.4817,266.17,87,5,3.71,NO,1704219717
345,port hedland,-20.3167,118.5667,300.18,78,0,5.66,AU,1704219717
346,yanqul,23.5905,56.5501,291.52,54,0,2.97,OM,1704219717
347,nelson bay,-32.7167,152.15,294.82,94,89,2.68,AU,1704219718
348,beyneu,45.3167,55.2,274.39,70,83,5.87,KZ,1704219718
349,tamanrasset,22.785,5.5228,291.1,15,0,3.09,DZ,1704219718
350,nizhniye vyazovyye,55.7988,48.5248,247.4,97,93,2.68,RU,1704219718
351,bodden town,19.2833,-81.25,298.15,69,75,5.66,KY,1704219718
352,peskovka,59.0448,52.3606,238.67,100,49,1.27,RU,1704219718
353,katsuren-haebaru,26.3369,127.8719,289.16,82,75,2.57,JP,1704219719
354,aberdeen,57.1437,-2.0981,280.42,95,100,3.09,GB,1704219055
355,taunggyi,20.7833,97.0333,282.59,67,3,0.73,MM,1704219719
356,freetown,8.484,-13.2299,302.99,54,51,3.09,SL,1704219719
357,lashio,22.9333,97.75,283.58,88,0,0.82,MM,1704219719
358,montevideo,-34.8335,-56.1674,299.16,61,20,9.77,UY,1704219603
359,boguchany,58.3814,97.4531,261.96,95,100,1.79,RU,1704219719
360,koryazhma,61.3143,47.1691,239.21,100,30,0.7,RU,1704219719
361,prairie du chien,43.0517,-91.1412,273.77,86,100,3.6,US,1704219720
362,batang,-6.4846,110.7083,300.12,84,99,1.43,ID,1704219720
363,northam,51.0333,-4.2167,283.85,90,64,12.58,GB,1704219720
364,shingu,33.7333,135.9833,279.01,72,7,2.5,JP,1704219720
365,fort bragg,35.139,-79.006,283.66,46,0,4.12,US,1704219720
366,galesong,-5.3166,119.3661,298.16,83,97,1.56,ID,1704219720
367,gwadar,25.1216,62.3254,296.96,69,0,3.76,PK,1704219721
368,perry,37.2506,-83.1999,279.25,57,41,0.89,US,1704219721
369,illizi,26.4833,8.4667,291.04,20,18,3.78,DZ,1704219721
370,ngama,11.7833,17.1667,300.44,14,63,4.35,TD,1704219721
371,cacheu,12.2706,-16.1658,305.2,36,80,4.02,GW,1704219721
372,augusto correa,-1.0217,-46.635,300.65,84,98,2.14,BR,1704219722
373,pisco,-13.7,-76.2167,300.18,61,0,6.17,PE,1704219722
374,punta del este,-34.9667,-54.95,299.21,79,20,7.72,UY,1704219722
375,kununurra,-15.7667,128.7333,302.14,89,100,3.6,AU,1704219722
376,jarna,48.212,12.0567,283.01,86,100,8.34,DE,1704219723
377,fort wayne,41.1306,-85.1289,272.61,83,100,8.23,US,1704219445
378,nadi,-17.8,177.4167,298.15,83,40,2.57,FJ,1704219724
379,tshabong,-26.05,22.45,305.91,18,3,3.42,BW,1704219724
380,salinas,36.6777,-121.6555,287.49,83,0,2.06,US,1704219447
381,bikenibeu village,1.3673,173.1241,301.13,94,75,3.6,KI,1704219724
382,sao felix do xingu,-6.6447,-51.995,295.77,99,100,0.8,BR,1704219724
383,touros,-5.1989,-35.4608,302.7,64,51,4.45,BR,1704219725
384,tazacorte,28.629,-17.9293,294.69,95,75,3.09,ES,1704219725
385,vorkuta,67.5,64.0,242.02,100,98,3.78,RU,1704219726
386,yuzhno-kurilsk,44.0306,145.8556,274.47,73,97,9.43,RU,1704219727
387,ta`u,-14.2336,-169.5144,300.71,74,19,3.49,AS,1704219727
388,pico truncado,-46.7949,-67.9573,301.86,16,76,2.04,AR,1704219728
389,fort mcmurray,56.7268,-111.381,259.92,78,100,1.54,CA,1704219728
390,tanjung pandan,-2.75,107.65,299.48,86,100,2.95,ID,1704219728
391,olovyannaya,50.95,115.5667,250.7,96,26,1.48,RU,1704219729
392,kampene,-3.6,26.6667,294.11,99,100,0.81,CD,1704219729
393,paso de los toros,-32.8167,-56.5167,301.15,49,29,5.16,UY,1704219730
394,verkhnevilyuysk,63.4453,120.3167,246.56,100,100,0.84,RU,1704219730
395,mount isa,-20.7333,139.5,301.02,65,6,3.6,AU,1704219731
396,tokar,18.4254,37.729,298.13,71,84,5.15,SD,1704219731
397,san andres,12.5847,-81.7006,303.16,70,40,6.69,CO,1704219732
398,revelstoke,50.9832,-118.2023,274.16,93,100,0.0,CA,1704219735
399,kapa'a,22.0752,-159.319,297.33,83,40,6.17,US,1704219739
400,codrington,-38.2667,141.9667,290.25,95,90,2.52,AU,1704219740
401,hadibu,12.65,54.0333,296.96,72,73,5.14,YE,1704219741
402,winslow,35.0242,-110.6974,276.25,56,0,0.0,US,1704219741
403,vorgashor,67.5833,63.95,242.27,100,98,3.83,RU,1704219742
404,ancud,-41.8697,-73.8203,290.37,75,21,4.68,CL,1704219742
405,lazaro cardenas,17.9583,-102.2,301.45,41,92,1.74,MX,1704219660
406,nuuk,64.1835,-51.7216,272.49,55,75,1.54,GL,1704219743
407,nabire,-3.3667,135.4833,297.65,92,99,1.38,ID,1704219744
408,horta,38.5333,-28.6333,289.95,74,40,6.17,PT,1704219745
409,laojunmiao,39.8333,97.7333,269.08,20,6,1.62,CN,1704219745
410,walvis bay,-22.9575,14.5053,295.68,64,0,4.63,NA,1704219746
411,olyokminsk,60.3736,120.4264,245.86,100,92,1.3,RU,1704219746
412,ar ruways,24.1103,52.7306,294.54,65,0,4.14,AE,1704219746
413,fortaleza,-3.7227,-38.5247,303.75,79,20,5.14,BR,1704219577
414,altai,46.3722,96.2583,263.0,42,24,3.64,MN,1704219747
415,carahue,-38.7,-73.1667,298.13,36,4,4.1,CL,1704219472
416,bandar-e genaveh,29.5791,50.517,292.34,55,20,4.46,IR,1704219748
417,barcelos,41.5388,-8.6151,289.77,99,100,5.92,PT,1704219748
418,umm kaddadah,13.6017,26.6876,292.89,19,53,5.74,SD,1704219749
419,quezon,7.7303,125.0989,295.56,92,84,1.25,PH,1704219750
420,iranshahr,27.2025,60.6848,289.34,41,0,0.0,IR,1704219750
421,mamou,10.5,-12.0,302.2,16,91,1.73,GN,1704219750
422,greymouth,-42.4667,171.2,285.69,86,80,1.45,NZ,1704219751
423,angra do heroismo,38.65,-27.2167,290.99,71,20,3.13,PT,1704219751
424,san angelo,31.4638,-100.437,276.78,93,100,2.06,US,1704219751
425,mahina,-17.5065,-149.489,299.02,73,100,0.51,PF,1704219751
426,acarau,-2.8856,-40.12,303.13,64,29,6.12,BR,1704219752
427,smara,26.7384,-11.6719,296.96,12,0,2.37,EH,1704219752
428,torghay,49.6339,63.4981,265.48,88,82,2.42,KZ,1704219752
429,al hazm,16.1641,44.7769,293.93,34,13,1.61,YE,1704219753
430,vilyuysk,63.7553,121.6247,245.96,99,100,1.66,RU,1704219753
431,berdigestyakh,62.0989,126.6992,249.9,99,100,0.7,RU,1704219753
432,znamenskoye,57.1281,73.8282,254.03,95,100,4.0,RU,1704219754
433,trzcianka,53.0406,16.4563,277.39,93,100,5.5,PL,1704219754
434,yelizovo,53.1873,158.3805,258.04,59,0,4.02,RU,1704219754
435,mezhdurechensk,53.6942,88.0603,273.14,94,100,6.41,RU,1704219755
436,daday,41.4787,33.4667,279.82,91,100,2.21,TR,1704219755
437,mildura,-34.2,142.15,294.3,82,5,4.67,AU,1704219755
438,crane,31.3974,-102.3501,282.44,60,73,4.48,US,1704219755
439,nchelenge,-9.3451,28.734,293.84,89,98,0.96,ZM,1704219755
440,badger,64.8,-147.5333,249.82,80,20,0.0,US,1704219756
441,manismata,-2.4667,111.0333,296.88,99,100,1.33,ID,1704219756
442,khanpur,28.6453,70.6567,287.73,21,5,2.79,PK,1704219756
443,paranaiba,-19.6772,-51.1908,306.67,39,76,3.26,BR,1704219756
444,bata,1.8639,9.7658,300.62,77,57,1.95,GQ,1704219756
445,san julian,21.0167,-102.1667,291.79,26,86,3.7,MX,1704219756
446,fale old settlement,-9.3852,-171.2468,302.09,75,80,5.15,TK,1704219757
447,nagqu,31.5,92.0,261.17,58,97,1.37,CN,1704219757
448,formosa do rio preto,-11.0483,-45.1931,302.64,57,95,2.7,BR,1704219757
449,whistler,50.1164,-122.9695,274.57,100,100,1.03,CA,1704219757
450,jimani,18.4917,-71.8502,303.09,46,7,0.81,DO,1704219757
451,coronel suarez,-37.4547,-61.9334,300.98,30,57,3.83,AR,1704219758
452,selfoss,63.9331,-20.9971,273.0,87,45,4.06,IS,1704219758
453,kingston,17.997,-76.7936,302.68,70,20,4.63,JM,1704219758
454,taroa,8.7058,171.2275,300.6,73,80,9.69,MH,1704219758
455,turkestan,43.3333,68.25,273.38,73,20,1.74,KZ,1704219759
456,cassia,-20.5831,-46.9219,301.06,61,77,2.78,BR,1704219759
457,lata,40.1629,-8.3327,289.3,97,100,4.19,PT,1704219759
458,kojetin,49.3518,17.3021,278.21,86,100,5.93,CZ,1704219759
459,godda,24.8333,87.2167,287.09,49,0,0.85,IN,1704219759
460,tralee,52.2704,-9.7026,282.29,87,75,5.14,IE,1704219759
461,clemencia,10.5665,-75.325,304.8,68,80,5.81,CO,1704219759
462,gazli,40.1333,63.45,276.84,71,94,4.69,UZ,1704219760
463,anantapur,14.6833,77.6,295.18,69,40,4.84,IN,1704219674
464,kibungo,-2.1597,30.5427,292.66,93,94,1.6,RW,1704219760
465,kindu,-2.95,25.95,294.72,99,100,1.16,CD,1704219760
466,mao,39.8885,4.2658,288.46,88,40,8.23,ES,1704219760
467,pulsano,40.3821,17.3564,286.21,75,0,1.54,IT,1704219761
468,natchez,31.5604,-91.4032,284.4,43,0,1.54,US,1704219761
469,cadale,2.7603,46.3222,299.42,73,67,9.07,SO,1704219761
470,koundara,12.4833,-13.3,307.63,15,48,1.88,GN,1704219761
471,urangan,-25.3,152.9,296.04,96,39,2.24,AU,1704219761
472,arcoverde,-8.4189,-37.0539,299.93,64,72,2.62,BR,1704219761
473,deyang,31.1302,104.382,282.06,60,72,1.53,CN,1704219762
474,yeniseysk,58.4497,92.1703,266.45,97,100,1.34,RU,1704219762
475,manacapuru,-3.2997,-60.6206,304.83,57,93,2.31,BR,1704219762
476,galliano,29.4422,-90.2992,286.15,67,0,3.6,US,1704219762
477,gradiska,45.1411,17.25,274.29,74,86,3.04,BA,1704219762
478,odienne,9.51,-7.5692,304.06,12,19,2.07,CI,1704219762
479,buon ma thuot,12.6667,108.05,292.37,89,70,2.75,VN,1704219762
480,kattivakkam,13.2167,80.3167,297.2,72,95,4.18,IN,1704219763
481,namp'o,38.7375,125.4078,272.52,95,100,1.38,KP,1704219763
482,dwarka,22.2394,68.9678,295.34,42,0,4.38,IN,1704219763
483,iwaki,37.05,140.8833,276.91,65,27,3.13,JP,1704219763
484,okha,53.5739,142.9478,248.07,100,100,2.68,RU,1704219763
485,colonia,50.9333,6.95,285.4,84,75,6.17,DE,1704219763
486,pangody,65.85,74.4859,240.09,96,7,3.63,RU,1704219764
487,colonia menno,-22.3667,-59.8167,303.56,63,100,4.38,PY,1704219764
488,broken hill,-31.95,141.4333,295.73,61,36,1.95,AU,1704219764
489,island harbour,50.724,-1.2758,285.19,84,79,5.81,GB,1704219764
490,edd,13.9297,41.6925,300.33,66,67,5.31,ER,1704219764
491,sitka,57.0531,-135.33,280.09,76,100,1.54,US,1704219765
492,kostomuksha,64.571,30.5767,247.06,99,93,0.89,RU,1704219765
493,ullal,12.8,74.85,300.68,78,75,1.54,IN,1704219765
494,nakamura,32.9833,132.9333,279.85,74,37,1.13,JP,1704219765
495,santa helena,-2.2311,-45.3,300.24,84,100,1.08,BR,1704219765
496,tupiza,-21.45,-65.7167,297.24,38,12,9.14,BO,1704219765
497,antofagasta,-23.65,-70.4,294.75,66,24,4.3,CL,1704219504
498,sarikei,2.1167,111.5167,296.97,99,100,1.0,MY,1704219766
499,hakui,36.8833,136.7833,279.09,76,82,4.19,JP,1704219767
500,banjarmasin,-3.3244,114.591,298.23,97,100,1.76,ID,1704219767
501,karratha,-20.7377,116.8463,300.59,70,0,7.01,AU,1704219767
502,hotan,37.0997,79.9269,270.99,47,74,1.29,CN,1704219767
503,kurumkan,54.3,110.3,254.89,89,66,2.24,RU,1704219767
504,yatou,37.15,122.3833,272.06,86,96,2.31,CN,1704219767
505,santa flavia,38.085,13.5351,286.36,81,1,0.47,IT,1704219767
506,moengo,5.6167,-54.4,306.32,41,74,4.13,SR,1704219773
507,belvedere marittimo,39.6179,15.8617,285.99,78,48,2.02,IT,1704219773
508,imperia,43.9667,7.7833,283.12,70,100,3.83,IT,1704219773
509,vadso,70.0744,29.7487,258.24,78,40,7.2,NO,1704219773
510,usogorsk,63.4106,48.6872,239.63,99,14,0.56,RU,1704219773
511,ma'rib,15.4591,45.3253,293.49,34,50,1.77,YE,1704219773
512,korla,41.7597,86.1469,266.88,77,42,0.81,CN,1704219773
513,erenhot,43.6475,111.9767,260.46,83,5,3.86,CN,1704219774
514,salalah,17.0151,54.0924,298.2,78,20,1.54,OM,1704219774
515,ambodifotatra,-16.9833,49.85,301.71,76,99,7.12,MG,1704219774
516,labrador city,52.9463,-66.9114,265.1,73,100,5.14,CA,1704219774
517,catriel,-37.8791,-67.7956,307.04,20,16,2.6,AR,1704219774
518,aasiaat,68.7098,-52.8699,258.52,82,100,4.48,GL,1704219775
519,ad dilam,23.9915,47.1627,293.38,55,0,4.55,SA,1704219775
520,chibougamau,49.9168,-74.3659,268.94,86,100,5.66,CA,1704219775
521,bereznik,62.8551,42.7072,238.71,100,10,0.55,RU,1704219683
522,wanganui,-39.9333,175.05,287.37,99,100,0.89,NZ,1704219775
523,mansa,29.9833,75.3833,282.68,34,41,0.08,IN,1704219775
524,sittwe,20.15,92.9,292.78,87,25,3.86,MM,1704219775
525,kingsville,27.5159,-97.8561,293.13,82,100,5.14,US,1704219664
526,fredericksburg,38.3032,-77.4605,281.77,52,0,5.14,US,1704219775
527,bu'aale,1.0833,42.5833,299.36,71,32,4.69,SO,1704219776
528,ravar,31.2656,56.8055,282.99,53,3,0.81,IR,1704219776
529,francistown,-21.17,27.5079,296.52,60,66,6.64,BW,1704219776
530,suva,-18.1416,178.4415,297.86,94,40,0.0,FJ,1704219731
531,polyarnyy,69.1989,33.4478,256.76,76,100,9.78,RU,1704219776
532,trairi,-3.2778,-39.2689,303.28,62,25,4.53,BR,1704219567
533,cole harbour,44.6724,-63.4751,273.11,78,14,2.24,CA,1704219776
534,mana,5.6592,-53.7767,302.32,63,62,5.22,GF,1704219777
535,iskateley,67.6803,53.1512,258.39,94,100,7.33,RU,1704219777
536,menomonie,44.8755,-91.9193,272.19,93,100,0.0,US,1704219777
537,mil'kovo,55.6078,37.7956,253.9,91,80,5.02,RU,1704219777
538,glace bay,46.1969,-59.957,270.55,78,65,4.92,CA,1704219777
539,ribadesella,43.4614,-5.0596,287.56,93,100,6.09,ES,1704219777
540,gracemere,-23.4333,150.45,296.1,88,40,0.0,AU,1704219777
541,rodolfo sanchez taboada,31.7167,-116.5667,288.76,57,27,0.45,MX,1704219777
542,ujae,8.9322,165.7642,300.74,76,71,9.13,MH,1704219778
543,rome,34.257,-85.1647,283.08,52,0,2.57,US,1704219694
544,usinsk,65.9939,57.5281,246.08,100,97,3.42,RU,1704219778
